Sales,CompPrice,Income,Advertising,Population,Price,Age,Education,Urban,ShelveLoc
9.5,138,73,11,276,120,42,17,1,0
11.22,111,48,16,260,83,65,10,1,1
4.15,141,64,3,340,128,38,13,1,0
10.81,124,113,13,501,72,78,16,0,0
11.85,136,81,15,425,120,67,10,1,1
9.01,121,78,9,150,100,26,10,0,0
11.96,117,94,4,503,94,50,13,1,1
10.96,115,28,11,29,86,53,18,1,1
11.17,107,117,11,148,118,52,18,1,1
7.58,118,32,0,284,110,63,13,1,1
12.29,147,74,13,251,131,52,10,1,1
13.91,110,110,0,408,68,46,17,0,1
12.13,134,29,12,239,109,62,18,0,1
10.14,145,119,16,294,113,42,12,1,0
14.9,139,32,0,176,82,54,11,0,1
8.33,107,115,11,496,131,50,11,0,1
2.99,103,74,0,359,97,55,11,1,0
7.81,104,99,15,226,102,58,17,1,0
13.55,125,94,0,447,89,30,12,1,1
6.2,107,32,12,236,137,64,10,0,1
8.77,114,38,13,317,128,50,16,1,1
8.89,122,76,0,270,100,60,18,0,1
3.24,130,60,0,144,138,38,10,0,0
2.07,119,98,0,18,126,73,17,0,0
7.96,157,53,0,403,124,58,16,1,0
4.56,141,63,0,168,135,44,12,1,0
4.38,126,98,0,173,108,55,16,1,0
3.91,116,52,0,349,98,69,18,1,0
10.61,157,93,0,51,149,32,17,1,1
1.42,99,32,18,341,108,80,16,1,0
4.42,121,90,0,150,108,75,16,1,0
7.91,153,40,3,112,129,39,18,1,0
0.91,93,91,0,22,117,75,11,1,0
5.42,103,93,15,188,103,74,16,1,0
8.32,122,102,19,469,123,29,13,1,0
1.82,139,45,0,146,133,77,17,1,0
13.39,149,69,20,366,134,60,13,1,1
9.46,89,81,15,237,99,74,12,1,1
12.61,118,90,10,54,104,31,11,0,1
8.55,88,111,23,480,92,36,16,0,0
9.14,134,67,0,286,90,41,13,1,0
8.01,113,100,16,353,79,68,11,1,0
7.52,116,72,0,237,128,70,13,1,1
11.62,151,83,4,325,139,28,17,1,1
4.42,109,36,7,468,94,56,11,1,0
2.23,111,25,0,52,121,43,18,0,0
11.7,131,67,7,272,126,54,16,0,1
8.39,115,97,5,134,84,55,11,1,0
9.48,147,42,10,407,132,73,16,0,1
7.45,161,82,5,287,129,33,16,1,0
12.49,122,77,24,382,127,36,16,0,1
4.88,121,47,3,220,107,56,16,0,0
5.07,123,91,0,334,96,78,17,1,0
3.47,107,79,2,488,103,65,16,1,0
6.67,116,99,5,298,125,62,12,1,1
6.01,131,29,11,335,127,33,12,1,0
11.67,125,89,10,380,87,28,10,1,0
8.19,127,103,0,125,155,29,15,0,1
8.87,131,113,0,181,120,63,14,1,1
11.27,153,68,2,60,133,59,16,1,1
4.96,133,100,3,350,126,55,13,1,0
4.47,143,120,7,279,147,40,10,0,0
9.54,125,87,9,232,136,72,10,1,1
7.62,132,98,2,265,97,62,12,1,0
5.17,131,75,0,10,120,31,18,0,0
6.53,140,42,0,331,131,28,15,1,0
0.53,122,88,7,36,159,28,17,1,0
9.09,132,68,0,264,123,34,11,0,1
3.9,114,83,0,412,131,39,14,1,0
10.51,140,54,9,402,119,41,16,0,1
10.49,122,84,8,176,114,57,10,0,1
10.77,111,58,17,407,103,75,17,0,1
7.64,128,78,0,341,128,45,13,0,1
7.49,146,34,0,220,157,51,16,1,1
12.53,142,90,1,189,112,39,10,0,1
9.32,119,60,0,372,70,30,18,0,0
5.68,130,64,0,40,106,39,17,0,0
0.37,147,58,7,100,191,27,15,1,0
11.48,104,41,15,492,77,73,18,1,1
9.03,104,102,13,123,110,35,16,1,1
4.94,137,112,15,434,149,66,13,1,0
4.74,137,60,4,230,140,25,13,1,0
6.03,117,32,0,142,96,62,17,1,0
6.67,156,42,13,170,173,74,14,1,1
13.28,139,70,7,71,96,61,10,1,1
4.19,117,93,4,420,112,66,11,1,0
4.1,130,28,6,410,133,72,16,1,0
4.1,121,78,4,413,130,46,10,0,0
2.05,131,82,0,132,157,25,14,1,0
8.19,111,105,0,466,97,61,10,0,0
7.78,86,54,0,497,64,33,12,1,0
3.02,98,21,11,326,90,76,11,0,0
4.36,125,41,2,357,123,47,14,0,0
2.34,116,83,15,170,144,71,11,1,0
10.62,116,79,19,359,116,58,17,1,1
6.68,107,25,0,412,82,36,14,1,0
7.8,119,33,0,245,122,56,14,1,1
5.4,149,73,13,381,163,26,11,0,0
5.16,115,60,0,119,114,38,14,0,0
13.14,137,80,10,24,105,61,15,1,1
9.43,115,62,11,289,129,56,16,0,1
7.36,121,24,0,200,133,73,13,1,1
3.89,123,105,0,149,118,62,16,1,0
10,114,43,0,199,88,57,10,0,1
6.9,120,56,20,266,90,78,18,1,0
5.04,123,114,0,298,151,34,16,1,0
5.05,125,67,0,86,117,65,11,1,0
9.16,137,105,10,435,156,72,14,1,1
3.72,139,111,5,310,132,62,13,1,0
9.58,108,104,23,353,129,37,17,1,1
7.71,123,81,8,198,81,80,15,1,0
3.47,108,38,0,251,81,72,14,0,0
5.12,123,36,10,467,100,74,11,0,0
7.67,129,117,8,400,101,36,10,1,0
6.95,128,29,5,324,159,31,15,1,1
5.31,130,35,10,402,129,39,17,1,0
9.1,128,93,12,343,112,73,17,0,1
5.83,134,82,7,473,112,51,12,0,0
11.99,119,26,0,284,89,26,10,1,1
12.98,113,33,0,14,63,38,12,1,1
7.22,114,113,2,129,151,40,15,0,1
2.86,121,86,10,496,145,51,10,1,0
11.19,122,69,7,303,105,45,16,0,1
7.74,150,96,0,80,154,61,11,1,1
6.97,106,46,11,414,96,79,17,0,0
6.88,95,44,4,208,72,44,17,1,0
6.64,118,70,0,106,89,39,17,1,0
11.82,113,66,16,322,74,76,15,1,1
11.28,123,84,0,74,89,59,10,1,1
12.66,148,76,3,126,99,60,11,1,1
8.21,127,44,13,160,123,63,18,1,1
3.07,118,83,13,276,104,75,10,1,0
10.98,148,63,0,312,130,63,15,1,1
5.28,108,77,13,388,110,74,14,1,0
11.93,123,98,12,408,134,29,10,1,1
5.9,138,92,0,13,120,61,12,1,0
11.18,131,111,13,33,80,68,18,1,0
6.15,146,68,12,328,132,51,14,1,0
6.8,137,117,5,337,135,38,10,1,0
7.72,133,33,10,333,129,71,14,1,1
6.39,131,21,8,220,171,29,14,1,1
15.63,122,36,5,369,72,35,10,1,1
6.41,142,30,0,472,136,80,15,0,1
10.08,116,72,10,456,130,41,14,0,1
9.16,140,50,10,300,139,60,15,1,1
2.66,136,65,4,133,150,53,13,1,0
3.15,117,66,1,65,111,55,11,1,0
11.27,100,54,9,433,89,45,12,1,1
4.99,122,59,0,501,112,32,14,0,0
7.63,93,117,9,489,83,42,13,1,0
5.17,138,35,6,60,143,28,18,1,0
11.54,134,44,4,219,126,44,15,1,1
7.5,140,29,0,105,91,43,16,1,0
5.99,117,42,10,371,121,26,14,1,0
8.43,138,80,0,108,126,70,13,0,1
4.81,121,68,0,279,149,79,12,1,1
6.88,96,39,0,161,112,27,14,0,1
12.57,132,102,20,459,107,49,11,1,1
13.44,133,103,14,288,122,61,17,1,1
7.02,130,100,0,306,146,42,11,1,1
3.58,142,109,0,111,164,72,12,1,1
4.17,123,96,10,71,118,69,11,1,0
3.13,130,62,11,396,130,66,14,1,0
8.77,118,86,7,265,114,52,15,0,1
5.25,131,55,0,26,110,79,12,1,0
10.26,111,75,1,377,108,25,12,1,1
10.5,122,21,16,488,131,30,14,1,1
14.37,95,106,0,256,53,52,17,1,1
10.71,109,22,10,348,79,74,14,0,1
7.68,126,41,22,403,119,42,12,1,0
16.27,141,60,19,319,92,44,11,1,1
5.81,125,111,0,404,107,54,15,1,0
3.9,124,65,21,496,151,77,13,1,0
12.85,123,37,15,348,112,28,12,1,1
8.14,135,89,11,245,78,79,16,1,0
6.1,153,63,0,49,124,56,16,1,0
4.53,129,42,13,315,130,34,13,1,0
5.35,130,58,19,366,139,33,16,1,0
12.57,138,108,17,203,128,33,14,1,1
5.94,100,79,7,284,95,50,12,1,0
9.71,134,37,0,27,120,49,16,1,1
7.725911602,124.8287293,70.23756906,6.751381215,271.4198895,115.9668508,52.31491713,13.86187845,,
